{
    "trajectory": "Kite_training/sunny/trajectory_0008",
    "integration_params": {
        "scale_factor": 0.3,
        "apply_rotation": false
    },
    "ate": {
        "mean": 237.6991886229085,
        "std": 116.37095746171013,
        "max": 541.5061910941976
    },
    "rpe": {
        "translation": 0.54261833723524,
        "rotation_rad": 0.014077736678165299,
        "rotation_deg": 0.8065948967553909
    },
    "modalities": {
        "rgb": true,
        "depth": true,
        "imu": true,
        "gps": true
    }
}