{
    "trajectory": "Kite_training/sunny/trajectory_0001",
    "integration_params": {
        "scale_factor": 0.5,
        "apply_rotation": false
    },
    "ate": {
        "mean": 107.5041552725676,
        "std": 64.30256761437116,
        "max": 234.96802159153438
    },
    "rpe": {
        "translation": 0.3601364554860452,
        "rotation_rad": 0.011526424104465536,
        "rotation_deg": 0.6604154540637347
    },
    "modalities": {
        "rgb": true,
        "depth": true,
        "imu": true,
        "gps": true
    }
}