{
    "trajectory": "Kite_training/sunny/trajectory_0001",
    "position_error": {
        "mean": 524.6614821996714,
        "std": 268.0826577183515,
        "max": 860.3098700313155
    },
    "rotation_error": {
        "mean": 124.3836954260907,
        "std": 44.9930298374762,
        "max": 179.92069873359785
    },
    "num_frames": 2205,
    "is_camera_frame": true,
    "modalities": {
        "rgb": true,
        "depth": true,
        "imu": true,
        "gps": true
    }
}