{
    "trajectory": "Kite_training/sunny/trajectory_0001",
    "position_error": {
        "mean": 286.4030142629708,
        "std": 109.57343894285091,
        "max": 428.07278380510616
    },
    "rotation_error": {
        "mean": 124.3836954260907,
        "std": 44.9930298374762,
        "max": 179.92069873359785
    },
    "num_frames": 2205,
    "is_camera_frame": true,
    "modalities": {
        "rgb": true,
        "depth": true,
        "imu": true,
        "gps": true
    }
}