{
    "trajectory": "Kite_training/sunny/trajectory_0001",
    "position_error": {
        "mean": 350.0516909616972,
        "std": 141.34428009582277,
        "max": 545.0002127709857
    },
    "rotation_error": {
        "mean": 124.3836954260907,
        "std": 44.9930298374762,
        "max": 179.92069873359785
    },
    "num_frames": 2205,
    "is_camera_frame": true,
    "modalities": {
        "rgb": true,
        "depth": true,
        "imu": true,
        "gps": true
    }
}