{
    "scale": 0.8064748589800387,
    "rotation_matrix": [
        [
            0.8792314554201618,
            0.2929542366707576,
            -0.37567254759484103
        ],
        [
            -0.22230897090772528,
            0.9497535583803932,
            0.22033361023168674
        ],
        [
            0.4213440034623638,
            -0.1102088633478917,
            0.9001795583026053
        ]
    ],
    "translation_vector": [
        -139.08886870376745,
        97.49389544998144,
        -124.53310209585891
    ],
    "metrics": {
        "before_alignment": {
            "ate_mean": 107.50415526251184,
            "ate_std": 64.30256762565847,
            "ate_max": 234.96802159663721,
            "rpe_trans": 0.36013645547888185,
            "rpe_rot": 0.011526424121081104,
            "rpe_rot_deg": 0.6604154550157366
        },
        "after_alignment": {
            "ate_mean": 126.8395997688198,
            "ate_std": 47.11010323188858,
            "ate_max": 211.5732199604354,
            "rpe_trans": 0.40101628032187286,
            "rpe_rot": 0.011526424121081104,
            "rpe_rot_deg": 0.6604154550157366
        }
    }
}